nome;lon;lat;endereco
222;-43.9295759;-19.9456523;R. Francisco Deslandes, 222 ,Belo Horizonte - MG, 30310-530
Alexandre’s Bar;-43.9441692;-19.8634011;R. David Alves do Vale, 68  , Santa Rosa, Belo Horizonte - MG, 31255-630
Andrade’s Beer;-43.9965515;-19.8013309;R. Dona Geni, 32 , Maria Helena, Belo Horizonte - MG, 31680-100
Avalanche Bar e Restaurante;-43.9562441;-19.8234084;R. Doutor Álvaro Camargos, 1113 , São Belo Horizonte - MG, 31515-142
Azougue Fogo e Bar;-43.9234402;-19.9335106;Rua do Ouro, 835  , Serra, Belo Horizonte - MG, 30220-000
Baiúca;-43.9276278;-19.9343945;R. Piauí, 1884 , Funcionários, Belo Horizonte - MG, 30150-321
Bar Bambú;-43.9840632;-19.9440127;R. Divisa Nova, 670 , Belo Horizonte - MG, 30550-330
Bar Bendita Baderna;-43.9272578;-19.8811789;R. Silva Fortes, 47  , União, Belo Horizonte - MG, 31160-320
Bar da Cintia;-43.9694756;-19.8168676;R. Pastor Rui Franco, 257 , São João Batista (Venda Nova), Belo Horizonte - MG, 31520-230
Bar da Fia;-43.9791637;-19.8299231;R. dos Astecas, 2722 , Santa Mônica, Belo Horizonte - MG, 31530-300
Bar da Gisa;-43.916571;-19.8773115;Rua Maria Ferreira da Silva, 367 , Belo Horizonte - MG, 31920-350
Bar da Lu;-43.9645853;-19.8268831;R. Geralda Marinho, 41 , São João Batista (Venda Nova), Belo Horizonte - MG, 31515-420
Bar da Praça;-43.969218;-19.9230609;Rua Oeste, 517 , Calafate, Belo Horizonte - MG, 30411-312
,Bar da Silvânia;-44.0216093;-19.9402357;R. Soares Nogueira, 801 , Camargos, Belo Horizonte - MG, 30520-330
Bar do Bartolomeu;-44.0100935;-19.9894517;R. Arthur Luchesi, 356 , Santa Helena (Barreiro), Belo Horizonte - MG, 30642-140
Bar do Bem;-44.0062588;-19.9153621;Rua Vicentina Coutinho Camargos, 100 , Álvaro Camargos, Belo Horizonte - MG, 30860-130
Bar do Dedinho;-43.9776251;-19.8400936;Avenida Guarapari, 872 , Belo Horizonte - MG, 31555-000
Bar do João (São João Batista);-43.9645853;-19.8268831;R. Geralda Marinho, 117 , Belo Horizonte - MG, 31515-420
Bar do Momô;-43.9703781;-19.9186732;Avenida Coronel José Benjamim, 777 , Belo Horizonte - MG, 30720-430
Bar do Nelson;-43.9086241;-19.8899984;R. Vicente Risola, 1000 , Santa Inês, Belo Horizonte - MG, 31080-160
Bar do Peixinho;-43.9293954;-19.8757884;Avenida Bernardo de Vasconcelos, 1824 , Belo Horizonte - MG, 31150-000
Bar do Primo;-43.9762;-19.9294892;Avenida Amazonas, 4649 , Nova Suíça, Belo Horizonte - MG, 30421-169
Bar do Regis;-43.9752421;-19.9388489;R. Gávea, 422 , Jardim América, Belo Horizonte - MG, 30421-340
Bar do Tião;-43.9519176;-19.8289924;Avenida Doutor Cristiano Guimarães, 2570 , Planalto, Belo Horizonte - MG, 31741-161
Bar dos Meninos;-43.9789774;-19.9396503;Rua Lindolfo Deodoro, 503 - A , Salgado Filho, Belo Horizonte - MG, 30550-006
Bar Du Magrelo;-44.0119088;-20.0017003;Rua São Felipe, 21  , Belo Horizonte - MG,  31030-290
Bar e Restaurante Bom Sabor;-43.9746709;-19.9333627;R. Java, 386  , Nova Suíça, Belo Horizonte - MG, 30421-228
Bar e Restaurante do Branco;-43.9419455;-19.9025123;Rua Pitangui, 3197 , Belo Horizonte - MG, 31030-211
Bar Estabelecimento;-43.9239093;-19.9363019;R. Monte Alegre, 160 , Serra, Belo Horizonte - MG, 30240-230
Bar Junto Juntinho;-43.9640742;-19.9260694;Rua Cura D’Ars, 542 , Prado, Belo Horizonte - MG, 30411-200
Bar Mania Mineira;-43.9544742;-19.9316023;Rua Paracatu, 1099 , Santo Agostinho, Belo Horizonte - MG, 30180-091
Bar Pompéu;-43.9652554;-19.8410387;R. São Miguel, 779 , Itapoã, Belo Horizonte - MG, 31710-750
Bar Stella;-43.9164787;-19.8449996;Av. Saramenha, 1599 , Guarani, Belo Horizonte - MG, 31840-220
Barrigudinha Buteco;-44.0030035;-19.8883149;Av. dos Engenheiros, 1071 , Alípio de Melo, Belo Horizonte - MG, 30840-372
Barzim dos Amigos;-43.9740084;-19.9434681;R. Lindolfo de Azevedo, 1263 , Jardim América, Belo Horizonte - MG, 30421-382
Beco Restaurante;-43.9454658;-19.918755;R. dos Tamoios, 232 , Centro, Belo Horizonte - MG, 30120-050
Bella Bar e Restaurante;-44.0047802;-19.8910583;Rua dos Odontólogos, 422  , Belo Horizonte - MG, 30840-200
Boi Major;-43.9353029;-19.9437587;R. Major Lopes, 7 , São Pedro, Belo Horizonte - MG, 30330-050
Boteco 86;-43.9719321;-19.913254;R. Jacarina, 86 , Padre Eustáquio, Belo Horizonte - MG,  30720-180
Botequim Buritis;-43.9655163;-19.9680402;Rua Vitório Magnavacca, 39 , Buritis, Belo Horizonte - MG, 30455-730
Butiquim 325;-43.9596669;-19.9305226;Avenida Francisco Sá, 325 ,Belo Horizonte - MG, 30411-145
Butiquim On Cê Tá?;-43.9605314;-19.8291011;Av. Gen. Olímpio Mourão Filho, 754 , Itapoã, Belo Horizonte - MG, 31710-690
Café Palhares;-43.9443398;-19.9164141;Rua dos Tupinambás, 638 , Centro, Belo Horizonte - MG, 30120-070
Camisola Bar;-43.9246059;-19.8926606;R. Luther King, 242 , Cidade Nova, Belo Horizonte - MG, 31170-100
Cantina Arte Quintal;-43.9756523;-19.9014096;R. Realengo, 150 , Caiçara, Belo Horizonte - MG, 30750-430
Cantinho da Baiana;-43.8960229;-19.8972077;R. Itaité, 422 , São Geraldo, Belo Horizonte - MG, 31050-550
Casa Mojubá;-43.9182816;-19.9162948;Rua Mármore, 817 , Belo Horizonte - MG, 31010-220
Chapa Mágica;-43.9231461;-19.8444932;Av. Waldomiro Lobo, 305 , Guarani, Belo Horizonte - MG, 31814-620
Choperia América Norte Sul;-43.9847596;-19.9615872;R. Chico Rei, 190 , Estrela do Oriente, Belo Horizonte - MG, 30580-300
Chopp da Esquina;-43.9684262;-19.9432796;R. Garret, 263 , Nova Granada, Belo Horizonte - MG, 30431-355
Cipoeiro Bar;-43.9960496;-19.8886426;Rua Desembargador José Satyro, 451 , Belo Horizonte - MG, 30840-490
Comida & Prosa;-43.9596669;-19.9305226;Av. Francisco Sá, 306 , Belo Horizonte - MG, 30411-145
Companhia do Dino;-43.9332774;-19.8396478;Avenida Joaquim Clemente, 682 , Floramar, Belo Horizonte - MG, 31840-340
Conectados Bar;-43.9590824;-19.9229528;Av. Francisco Sá, 280 , Prado, Belo Horizonte - MG, 30411-145
COSMOS;-43.9086241;-19.8899984;R. Vicente Risola, 1305 , Santa Inês, Belo Horizonte - MG, 31080-160
Dona Dora;-43.9404836;-19.925814;R. Rio de Janeiro, 1205 , Centro, Belo Horizonte - MG, 30160-041
Dona Ju Gastro Bar;-43.8800892;-19.8446301;Rua dos Borges, 1520  , Jardim Vitória, Belo Horizonte - MG, 31975-270
Dona Suica;-43.9675696;-19.8204997;Av. João Samaha, 390 , São João Batista (Venda Nova), Belo Horizonte - MG, 31520-100
Empório Laís;-43.9468716;-19.8900825;Rua Olavo Andrade, 195 , Belo Horizonte - MG, 31130-270
Espetinho do Boi;-44.0133834;-19.9810622;R. São Paulo da Cruz, 357 , Barreiro, Belo Horizonte - MG, 30642-060
Espetinho do Tilias;-43.9839421;-19.8000554;Praça Manoel Batista Baía, 235  , Belo Horizonte - MG, 31660-190
Espetinho Rei e Família;-43.977372;-19.8388542;Av. Guarapari, 1281 ,  Belo Horizonte - MG, 31560-300
Espetinho São Pedro QUIÓ;-43.9313917;-19.9481585;Rua Cristina, 870 , Belo Horizonte - MG, 30330-130
Espettinho.com;-43.9751097;-19.9756214;R. Eli Seabra Filho, 510 , Buritis, Belo Horizonte - MG, 30575-740
Galpão Flor do Campo;-43.9068762;-19.9206937;Rua Coronel Otávio Diniz, 449 , Belo Horizonte - MG, 30270-360
Garagge Vintage;-43.9547337;-19.8315762;Av. Doutor Cristiano Guimarães, 1258 , Planalto, Belo Horizonte - MG, 31720-300
Geraldin da Cida;-43.968268;-19.936342;Rua Contria, 1459 , Grajaú, Belo Horizonte - MG, 30431-245
Golden Grill;-44.0036387;-19.9837734;R. Amílcar Cabral, 515 , Milionários, Belo Horizonte - MG, 30620-250
Graffica Bar;-43.9375775;-19.9248113;Av. Augusto de Lima, 233, Belo Horizonte - MG, 30160-906
Ivo Grill;-43.9464948;-19.838757;Rua Professor Tristão da Cunha, 183 , Planalto, Belo Horizonte - MG, 31720-520
Juzé Bar;-43.9890445;-19.8414871;R. Carlos Sá, 180, Jardim Atlântico, Belo Horizonte - MG, 31550-200
Köbes Emporium Bar;-43.9157622;-19.9119307;R. Professor Raimundo Nonato, 31 - A , Santa Tereza, Belo Horizonte - MG, 31010-520
Koqueiros Bar;-43.9260469;-19.9109127;Av. Silviano Brandão, 1293 , Sagrada Família, Belo Horizonte - MG, 31030-525
Leo da Quadra;-44.0131047;-19.9761639;R. Oliveira Lisboa, 107 , Barreiro, Belo Horizonte - MG, 30640-470
Locomotivas Bar;-43.9090525;-19.8815093;R. Carmésia, 568 , Santa Inês, Belo Horizonte - MG, 31080-170
Magnífico Quintal;-43.9759104;-19.8421348;R. Doutor Jefferson de Oliveira, 56 , Santa Amélia, Belo Horizonte - MG, 31560-230
Magrelo’s bar;-44.0130017;-19.8735161;Av. Serrana, 635 , Belo Horizonte - MG, 31360-270
Mamute Bar;-43.9286133;-19.9453396;R. Brás Cubas, 116 , Cruzeiro, Belo Horizonte - MG, 30310-220
Mineiros Beer;-43.996875;-19.8881972;R. Romualdo Lopes Cançado, 399 , Castelo, Belo Horizonte - MG, 30840-460
Mulão;-43.9683517;-19.9090992;R. Marambaia, 291 , Caiçara, Belo Horizonte - MG, 30770-070
Nosso Spetim;-43.9791637;-19.8299231;Rua dos Astecas, 3219 , Santa Mônica, Belo Horizonte - MG, 31530-300
NUBAR;-44.0007213;-19.8902904;Avenida dos Engenheiros, 843 , Belo Horizonte - MG, 30840-300
O Fino do Alho;-43.9563356;-19.8066128;R. Capitão Sérgio Pires, 41 , Minascaixa, Belo Horizonte - MG, 31615-640
Oratório Bar;-43.921453;-19.9241341;Av. Brasil, 161 , Santa Efigênia, Belo Horizonte - MG, 30140-000
Parada 10.95 Bar;-44.0007213;-19.8902904;Avenida dos Engenheiros, 1095 , Alípio de Melo, Belo Horizonte - MG, 30840-300
Parada do Sabor;-43.9480678;-19.8373712;Av. General Carlos Guedes, 346 , Planalto, Belo Horizonte - MG, 31720-500
Pé de Cana;-43.9322579;-19.9489897;R. Flórida, 15 , Belo Horizonte - MG, 30310-710
Pé de Goiaba;-43.9746581;-19.9297143;Av. Amazonas, 4676  , Nova Suíça, Belo Horizonte - MG, 30421-026
Planeta Lúpulo;-43.977372;-19.8388542;Av. Guarapari, 108 , Santa Amélia, Belo Horizonte - MG, 31560-300
PoiZé Bar e Petisqueira;-43.9299187;-19.9426434;R. Pium-I, 686  , Cruzeiro, Belo Horizonte - MG, 30310-080
Prado Beer;-43.9592689;-19.924344;Av. Francisco Sá, 590 , Prado, Belo Horizonte - MG, 30441-018
Queremos Frango;-43.9332774;-19.8396478;Avenida Joaquim Clemente, 730 ,  Belo Horizonte - MG, 31840-340
Quintal do Louzada;-43.9752421;-19.9388489;Rua Gávea, 358  , Belo Horizonte - MG, 30421-340
Quioxque Botequim Carioca;-43.9759493;-19.9744485;Rua Henrique Badaró Portugal, 157 , Buritis, Belo Horizonte - MG, 30575-232
Quitandas da Tia Nice Bar;-43.9210181;-19.9121372;R. Alabastro, 146  , Horto, Belo Horizonte - MG, 31030-080
Recanto da Traíra;-43.9283326;-19.8809841;Rua Alberto Cintra, 47  , Belo Horizonte - MG, 31160-370
Reforma Bar;-43.9772205;-19.9354463;Rua Joaquim Nabuco, 577  , Belo Horizonte - MG, 30421-260
Rei da Picanha;-43.9437183;-19.8614898;Avenida Sebastião de Brito, 400  , Belo Horizonte - MG, 31260-000
Rei do Peixe;-43.9654983;-19.8307182;R. Ramalho Ortigão, 735 , Santa Branca, Belo Horizonte - MG, 31565-100
Resenha da Naty;-43.946499;-19.8892256;R. Gonçalves Lêdo, 288 , Cachoeirinha, Belo Horizonte - MG, 31130-290
S.O.S Pub;-43.9926409;-19.9520894;Avenida Padre José Maurício, 1126 , Vista Alegre, Belo Horizonte - MG, 30514-000
Sant’Esquina Butiquim;-43.9654983;-19.8307182;Rua Ramalho Ortigão, 650  ,Belo Horizonte - MG, 31565-100
Santuário Retrô;-43.9899947;-19.9160217;Av. Padre Vieira, 150 , Minas Brasil, Belo Horizonte - MG, 30730-240
Seu Justino;-43.9995124;-19.8022926;Rua Dona Conceição Martins, 63 , Belo Horizonte - MG, 31680-010
Sô Bar;-43.9967121;-19.8842816;Av. Altamiro Avelino Soares, 426 , Castelo, Belo Horizonte - MG, 31330-000
Spetim;-43.929371;-19.8918598;R. Ilacir Pereira Lima, 518 , Silveira, Belo Horizonte - MG, 31140-540
Sunset Bar;-43.8686921;-19.8344409;R. Érico Veríssimo, 2039 , Belo Horizonte - MG, 31998-270
Tanganica Art Bar;-43.9917045;-19.9254737;R. Padre Demerval Gomes, 380 , Coração Eucarístico, Belo Horizonte - MG, 30535-470
Toca do Ogro;-43.9568613;-19.8543191;R. Professor Nelson de Sena, 4 , Pampulha, Belo Horizonte - MG, 31270-660
Toninho – Alto Forno;-43.9522977;-19.8999841;R. Miracema, 100 , Santo André, Belo Horizonte - MG, 31230-660
Us Motoca;-44.0148074;-19.9407705;R. Blenda, 91 , Camargos, Belo Horizonte - MG, 30520-170
Via Deslandes;-43.9286988;-19.9503283;Rua Francisco Deslandes, 10  , Belo Horizonte - MG, 30310-530
Zé Bolacha;-43.9515485;-19.8211973;Rua das Melancias, 35 , Vila Clóris, Belo Horizonte - MG, 31744-063
Zoo Bar;-44.0040585;-19.8545889;Av. Otacílio Negrão de Lima, 7844 , Pampulha, Belo Horizonte - MG, 31365-450
